"","R.MS3.Used","R.BlockName","R.QuantificationMethod","R.FileName","PG.Genes","PG.Organisms","PG.ProteinAccessions","PG.ProteinDescriptions","PG.ProteinNames","PG.UniprotIds","PG.Coverage","PG.QValue","PEP.IsProteinGroupSpecific","PEP.IsProteotypic","PEP.StrippedSequence","PEP.QValue","PEP.IsUsedForQuantification","PP.Charge","P.MoleculeID","PSM.TMT6_126..Raw.","PSM.TMT6_127..Raw.","PSM.TMT6_128..Raw.","PSM.TMT6_129..Raw.","PSM.TMT6_130..Raw.","PSM.TMT6_131..Raw.","PSM.IsUsedForQuantification","PSM.NrOfMatchedChannelIons","PSM.Qvalue"
"1","True","All Runs","TMT6Plex","ch_19Jan2017_SM-1-1_Sp-6-2_CID-OT-MS3-Short_HpH_1.raw","EGLN1","Homo sapiens","Q9GZT9","Egl nine homolog 1","EGLN1_HUMAN","Q9GZT9","5.6%",0,TRUE,TRUE,"AAAGGQGSAVAAEAEPGKEEPPAR",0,"True",3,"_[TMT_Nter]AAAGGQGSAVAAEAEPGK[TMT_Lys]EEPPAR_",382.1107,392.9243,477.7064,989.6951,695.7537,107.6282,"True",6,0
"2","True","All Runs","TMT6Plex","ch_19Jan2017_SM-1-1_Sp-6-2_CID-OT-MS3-Short_HpH_1.raw","SEPT11","Homo sapiens","Q9NVA2","Septin-11","SEP11_HUMAN","Q9NVA2","9.1%",0,TRUE,TRUE,"KELEEEVNNFQK",0.000198649185538339,"True",3,"_[TMT_Nter]K[TMT_Lys]ELEEEVNNFQK[TMT_Lys]_",33554.19,33671.54,40525.39,43739.86,40697.44,17299.13,"True",6,0.000214601485042277
"3","True","All Runs","TMT6Plex","ch_19Jan2017_SM-1-1_Sp-6-2_CID-OT-MS3-Short_HpH_1.raw","SEPT11","Homo sapiens","Q9NVA2","Septin-11","SEP11_HUMAN","Q9NVA2","9.1%",0,FALSE,FALSE,"SLDLVTMK",0,"True",2,"_[TMT_Nter]SLDLVTMK[TMT_Lys]_",44713.63,51052.84,58457.64,47213.13,58004.67,23622.95,"True",6,0
"4","True","All Runs","TMT6Plex","ch_19Jan2017_SM-1-1_Sp-6-2_CID-OT-MS3-Short_HpH_1.raw","SEPT11","Homo sapiens","Q9NVA2","Septin-11","SEP11_HUMAN","Q9NVA2","9.1%",0,TRUE,TRUE,"AAAQLLQSQAQQSGAQQTK",0,"True",3,"_[TMT_Nter]AAAQLLQSQAQQSGAQQTK[TMT_Lys]_",20877.87,19930.01,24963.54,29021.83,19510.86,15952.06,"True",6,5.61324726354196e-05
"5","True","All Runs","TMT6Plex","ch_19Jan2017_SM-1-1_Sp-6-2_CID-OT-MS3-Short_HpH_1.raw","SEPT11","Homo sapiens","Q9NVA2","Septin-11","SEP11_HUMAN","Q9NVA2","9.1%",0,TRUE,TRUE,"AAAQLLQSQAQQSGAQQTK",0,"True",2,"_[TMT_Nter]AAAQLLQSQAQQSGAQQTK[TMT_Lys]_",506.1669,1019.802,543.2091,555.3629,501.8123,268.5246,"True",6,0
"6","True","All Runs","TMT6Plex","ch_19Jan2017_SM-1-1_Sp-6-2_CID-OT-MS3-Short_HpH_1.raw","NAP1L4","Homo sapiens","Q99733","Nucleosome assembly protein 1-like 4","NP1L4_HUMAN","Q99733","5.1%",0,TRUE,TRUE,"VLAALQER",0.00245951088217551,"True",2,"_[TMT_Nter]VLAALQER_",17143.52,4284.893,26957.71,15610.69,21208.95,7701.351,"True",6,0.0019511927008904
"7","True","All Runs","TMT6Plex","ch_19Jan2017_SM-1-1_Sp-6-2_CID-OT-MS3-Short_HpH_1.raw","NAP1L4","Homo sapiens","Q99733","Nucleosome assembly protein 1-like 4","NP1L4_HUMAN","Q99733","5.1%",0,TRUE,TRUE,"AAATAEEPDPK",0,"True",2,"_[TMT_Nter]AAATAEEPDPK[TMT_Lys]_",10098.11,13486.31,14920.8,15082.09,17044.55,5484.508,"True",6,5.61324726354196e-05
"8","True","All Runs","TMT6Plex","ch_19Jan2017_SM-1-1_Sp-6-2_CID-OT-MS3-Short_HpH_1.raw","NAP1L4","Homo sapiens","Q99733","Nucleosome assembly protein 1-like 4","NP1L4_HUMAN","Q99733","5.1%",0,TRUE,TRUE,"AAATAEEPDPK",0,"True",2,"_[TMT_Nter]AAATAEEPDPK[TMT_Lys]_",3125.386,4215.509,4161.128,4852.287,6314.905,1581.208,"True",6,0.000964673009114497
"9","True","All Runs","TMT6Plex","ch_19Jan2017_SM-1-1_Sp-6-2_CID-OT-MS3-Short_HpH_1.raw","TPM3","Homo sapiens","P06753","Tropomyosin alpha-3 chain","TPM3_HUMAN","P06753","7.4%",0,FALSE,FALSE,"AADESER",0.0014424990051731,"True",2,"_[TMT_Nter]AADESER_",154601.1,137570.6,142398.5,124616.7,108562.7,97342.96,"True",6,0.00130834296841721
"10","True","All Runs","TMT6Plex","ch_19Jan2017_SM-1-1_Sp-6-2_CID-OT-MS3-Short_HpH_1.raw","TPM3","Homo sapiens","P06753","Tropomyosin alpha-3 chain","TPM3_HUMAN","P06753","7.4%",0,FALSE,FALSE,"AADESER",0.0014424990051731,"True",2,"_[TMT_Nter]AADESER_",11770.64,10291.15,8769.874,9565.441,11972.37,6573.606,"True",6,0.00904996159993358
"11","True","All Runs","TMT6Plex","ch_19Jan2017_SM-1-1_Sp-6-2_CID-OT-MS3-Short_HpH_1.raw","TPM3","Homo sapiens","P06753","Tropomyosin alpha-3 chain","TPM3_HUMAN","P06753","7.4%",0,TRUE,TRUE,"AADAEAEVASLNRR",0.000198649185538339,"True",3,"_[TMT_Nter]AADAEAEVASLNRR_",10065.28,11812.81,8893.833,10780.51,9408.433,9977.029,"True",6,0.000201338903709669
"12","True","All Runs","TMT6Plex","ch_19Jan2017_SM-1-1_Sp-6-2_CID-OT-MS3-Short_HpH_1.raw","SNX2","Homo sapiens","O60749","Sorting nexin-2","SNX2_HUMAN","O60749","3.5%",0,FALSE,FALSE,"ALSQLAEVEEK",0,"True",2,"_[TMT_Nter]ALSQLAEVEEK[TMT_Lys]_",23759.4,27096.07,20547.49,31444.08,36856.92,9450.105,"True",6,0
"13","True","All Runs","TMT6Plex","ch_19Jan2017_SM-1-1_Sp-6-2_CID-OT-MS3-Short_HpH_1.raw","SNX2","Homo sapiens","O60749","Sorting nexin-2","SNX2_HUMAN","O60749","3.5%",0,TRUE,TRUE,"AADAVNK",0.000416691469730341,"True",2,"_[TMT_Nter]AADAVNK[TMT_Lys]_",31259.04,34873.79,38047.19,41999.9,43879.61,16208.63,"True",6,0.000337622388115692
"14","True","All Runs","TMT6Plex","ch_19Jan2017_SM-1-1_Sp-6-2_CID-OT-MS3-Short_HpH_1.raw","FH","Homo sapiens","P07954","Fumarate hydratase, mitochondrial","FUMH_HUMAN","P07954","1.8%",0,TRUE,TRUE,"AADEVAEGK",0,"True",2,"_[TMT_Nter]AADEVAEGK[TMT_Lys]_",22045.89,37475,36928.99,54784.7,36787.46,18780.51,"True",6,0
"15","True","All Runs","TMT6Plex","ch_19Jan2017_SM-1-1_Sp-6-2_CID-OT-MS3-Short_HpH_1.raw","WIZ","Homo sapiens","O95785","Protein Wiz","WIZ_HUMAN","O95785","1.1%",0,TRUE,TRUE,"AADGGERPLAASPPGTVK",0,"True",3,"_[TMT_Nter]AADGGERPLAASPPGTVK[TMT_Lys]_",4612.119,4590.211,3618.005,6016.279,4409.542,4073.269,"True",6,0
"16","True","All Runs","TMT6Plex","ch_19Jan2017_SM-1-1_Sp-6-2_CID-OT-MS3-Short_HpH_1.raw","TAGLN","Homo sapiens","Q01995","Transgelin","TAGL_HUMAN","Q01995","8.5%",0,TRUE,TRUE,"GDPNWFMK",0,"True",2,"_[TMT_Nter]GDPNWFMK[TMT_Lys]_",18327.32,15915.31,25717,24812,26097.2,14739.85,"True",6,5.61324726354196e-05
"17","True","All Runs","TMT6Plex","ch_19Jan2017_SM-1-1_Sp-6-2_CID-OT-MS3-Short_HpH_1.raw","TAGLN","Homo sapiens","Q01995","Transgelin","TAGL_HUMAN","Q01995","8.5%",0,TRUE,TRUE,"AAEDYGVIK",0,"True",2,"_[TMT_Nter]AAEDYGVIK[TMT_Lys]_",140694,110730.7,136472.5,149482.3,156637.4,111591,"True",6,0
"18","True","All Runs","TMT6Plex","ch_19Jan2017_SM-1-1_Sp-6-2_CID-OT-MS3-Short_HpH_1.raw","CHCHD3","Homo sapiens","Q9NX63","MICOS complex subunit MIC19","MIC19_HUMAN","Q9NX63","3.5%",0,TRUE,TRUE,"AAEEVEAK",0,"True",2,"_[TMT_Nter]AAEEVEAK[TMT_Lys]_",33146.39,45756.35,38860.37,38656.15,62574.62,20245.25,"True",6,0
"19","True","All Runs","TMT6Plex","ch_19Jan2017_SM-1-1_Sp-6-2_CID-OT-MS3-Short_HpH_1.raw","CHCHD3","Homo sapiens","Q9NX63","MICOS complex subunit MIC19","MIC19_HUMAN","Q9NX63","3.5%",0,TRUE,TRUE,"AAEEVEAK",0,"True",2,"_[TMT_Nter]AAEEVEAK[TMT_Lys]_",9372.655,9431.972,12622.2,15570.92,9416.751,5355.578,"True",6,0.000201338903709669
"20","True","All Runs","TMT6Plex","ch_19Jan2017_SM-1-1_Sp-6-2_CID-OT-MS3-Short_HpH_1.raw","POP1","Homo sapiens","Q99575","Ribonucleases P/MRP protein subunit POP1","POP1_HUMAN","Q99575","2.4%",0,TRUE,TRUE,"NQPTNVTLSSGFVADR",0,"True",2,"_[TMT_Nter]NQPTNVTLSSGFVADR_",358.6887,755.556,408.6789,341.8719,423.2049,215.0308,"True",6,0
"21","True","All Runs","TMT6Plex","ch_19Jan2017_SM-1-1_Sp-6-2_CID-OT-MS3-Short_HpH_1.raw","POP1","Homo sapiens","Q99575","Ribonucleases P/MRP protein subunit POP1","POP1_HUMAN","Q99575","2.4%",0,TRUE,TRUE,"AAEISAMLK",0.000198649185538339,"True",2,"_[TMT_Nter]AAEISAMLK[TMT_Lys]_",5514.003,3019.83,5754.369,5427.549,4817.085,2108.445,"True",6,0.000214601485042277
"22","True","All Runs","TMT6Plex","ch_19Jan2017_SM-1-1_Sp-6-2_CID-OT-MS3-Short_HpH_2.raw","NAP1L4","Homo sapiens","Q99733","Nucleosome assembly protein 1-like 4","NP1L4_HUMAN","Q99733","2.9%",0,TRUE,TRUE,"AAATAEEPDPK",0,"True",2,"_[TMT_Nter]AAATAEEPDPK[TMT_Lys]_",5605.805,6297.905,7132.01,5930.803,9712.346,4288.644,"True",6,0.000201338903709669
"23","True","All Runs","TMT6Plex","ch_19Jan2017_SM-1-1_Sp-6-2_CID-OT-MS3-Short_HpH_2.raw","NAP1L4","Homo sapiens","Q99733","Nucleosome assembly protein 1-like 4","NP1L4_HUMAN","Q99733","2.9%",0,TRUE,TRUE,"AAATAEEPDPK",0,"True",3,"_[TMT_Nter]AAATAEEPDPK[TMT_Lys]_",15431.49,13997.99,17210.98,13118.98,19292.29,9414.034,"True",6,0.00443100782349819
"24","True","All Runs","TMT6Plex","ch_19Jan2017_SM-1-1_Sp-6-2_CID-OT-MS3-Short_HpH_2.raw","TPM3","Homo sapiens","P06753","Tropomyosin alpha-3 chain","TPM3_HUMAN","P06753","2.5%",0,FALSE,FALSE,"AADESER",0.0014424990051731,"True",2,"_[TMT_Nter]AADESER_",15545.85,8434.648,10369.91,10782.44,10063.33,7739.417,"True",6,0.00130834296841721
"25","True","All Runs","TMT6Plex","ch_19Jan2017_SM-1-1_Sp-6-2_CID-OT-MS3-Short_HpH_2.raw","TPM3","Homo sapiens","P06753","Tropomyosin alpha-3 chain","TPM3_HUMAN","P06753","2.5%",0,FALSE,FALSE,"AADESER",0.0014424990051731,"True",2,"_[TMT_Nter]AADESER_",2050.457,1578.512,1450.915,1124.905,1556.658,1052.703,"True",6,0.00712130094009857
"26","True","All Runs","TMT6Plex","ch_19Jan2017_SM-1-1_Sp-6-2_CID-OT-MS3-Short_HpH_2.raw","SNX2","Homo sapiens","O60749","Sorting nexin-2","SNX2_HUMAN","O60749","3.3%",0,TRUE,TRUE,"DFEQISK",0.000198649185538339,"True",2,"_[TMT_Nter]DFEQISK[TMT_Lys]_",6051.407,13727.22,11293.91,18901.16,18847.48,6787.846,"True",6,0.000214601485042277
"27","True","All Runs","TMT6Plex","ch_19Jan2017_SM-1-1_Sp-6-2_CID-OT-MS3-Short_HpH_2.raw","SNX2","Homo sapiens","O60749","Sorting nexin-2","SNX2_HUMAN","O60749","3.3%",0,TRUE,TRUE,"QFLESSELPR",0.000198649185538339,"True",2,"_[TMT_Nter]QFLESSELPR_",6745.635,6498.671,5325.651,5639.221,5834.314,3214.426,"True",6,0.000214601485042277
"28","True","All Runs","TMT6Plex","ch_19Jan2017_SM-1-1_Sp-6-2_CID-OT-MS3-Short_HpH_2.raw","EGLN1","Homo sapiens","Q9GZT9","Egl nine homolog 1","EGLN1_HUMAN","Q9GZT9","2.1%",0,TRUE,TRUE,"DNASGDAAK",0,"True",2,"_[TMT_Nter]DNASGDAAK[TMT_Lys]_",5725.933,6096.315,6136.435,6554.828,6182.609,3007.751,"True",6,5.61324726354196e-05
"29","True","All Runs","TMT6Plex","ch_19Jan2017_SM-1-1_Sp-6-2_CID-OT-MS3-Short_HpH_2.raw","POP1","Homo sapiens","Q99575","Ribonucleases P/MRP protein subunit POP1","POP1_HUMAN","Q99575","0.9%",0,TRUE,TRUE,"SQTELPDEK",0.000198649185538339,"True",2,"_[TMT_Nter]SQTELPDEK[TMT_Lys]_",9471.527,12122.69,14703.45,16461.2,11311.78,4160.153,"True",6,0.000214601485042277
"30","True","All Runs","TMT6Plex","ch_19Jan2017_SM-1-1_Sp-6-2_CID-OT-MS3-Short_HpH_3.raw","TPM3","Homo sapiens","P06753","Tropomyosin alpha-3 chain","TPM3_HUMAN","P06753","6%",0,FALSE,FALSE,"AADESER",0.0014424990051731,"True",2,"_[TMT_Nter]AADESER_",327.8469,262.5233,251.9345,285.9585,332.5818,149.0642,"True",6,0.00391779664993197
"31","True","All Runs","TMT6Plex","ch_19Jan2017_SM-1-1_Sp-6-2_CID-OT-MS3-Short_HpH_3.raw","TPM3","Homo sapiens","P06753","Tropomyosin alpha-3 chain","TPM3_HUMAN","P06753","6%",0,TRUE,TRUE,"LVIIEGDLER",0.00105568751649512,"True",2,"_[TMT_Nter]LVIIEGDLER_",2653.868,11395.72,2971.998,4981.964,2293.685,4419.198,"True",6,0.001034962320903
"32","True","All Runs","TMT6Plex","ch_19Jan2017_SM-1-1_Sp-6-2_CID-OT-MS3-Short_HpH_3.raw","TAGLN","Homo sapiens","Q01995","Transgelin","TAGL_HUMAN","Q01995","5.5%",0,TRUE,TRUE,"HVIGLQMGSNR",0.00110514682664983,"True",3,"_[TMT_Nter]HVIGLQMGSNR_",36302.61,55583.26,33030.1,33928.17,34845.43,75616.66,"True",6,0.00106266503510015
"33","True","All Runs","TMT6Plex","ch_19Jan2017_SM-1-1_Sp-6-2_CID-OT-MS3-Short_HpH_3.raw","TAGLN","Homo sapiens","Q01995","Transgelin","TAGL_HUMAN","Q01995","5.5%",0,TRUE,TRUE,"HVIGLQMGSNR",0.00110514682664983,"True",3,"_[TMT_Nter]HVIGLQM[Oxidation (M)]GSNR_",12986.67,19632.31,21785.89,16862.49,22419.64,13361.36,"True",6,0.00111234705228031
"34","True","All Runs","TMT6Plex","ch_19Jan2017_SM-1-1_Sp-6-2_CID-OT-MS3-Short_HpH_3.raw","NAP1L4","Homo sapiens","Q99733","Nucleosome assembly protein 1-like 4","NP1L4_HUMAN","Q99733","2.7%",0,TRUE,TRUE,"LTDQVMQNPR",0.000198649185538339,"True",2,"_[TMT_Nter]LTDQVMQNPR_",4098.114,6501.435,3952.033,4719.393,6067.88,2689.965,"True",6,0.00612429229176305
"35","True","All Runs","TMT6Plex","ch_19Jan2017_SM-1-1_Sp-6-2_CID-OT-MS3-Short_HpH_3.raw","POP1","Homo sapiens","Q99575","Ribonucleases P/MRP protein subunit POP1","POP1_HUMAN","Q99575","1.1%",0,TRUE,TRUE,"YITASTFAQAR",0.00259917920656635,"True",2,"_[TMT_Nter]YITASTFAQAR_",3186.81,1800.196,1750.296,2374.098,3792.308,1708.852,"True",6,0.00207334805320696
"36","True","All Runs","TMT6Plex","ch_19Jan2017_SM-1-1_Sp-6-2_CID-OT-MS3-Short_HpH_4.raw","POP1","Homo sapiens","Q99575","Ribonucleases P/MRP protein subunit POP1","POP1_HUMAN","Q99575","1.8%",0,TRUE,TRUE,"EAEEVMDAGCQESAGPER",0,"True",3,"_[TMT_Nter]EAEEVMDAGC[Carbamidomethyl (C)]QESAGPER_",955.7369,850.7656,1876.675,1296.004,1946.35,736.5844,"True",6,5.61324726354196e-05
"37","True","All Runs","TMT6Plex","ch_19Jan2017_SM-1-1_Sp-6-2_CID-OT-MS3-Short_HpH_4.raw","SEPT11","Homo sapiens","Q9NVA2","Septin-11","SEP11_HUMAN","Q9NVA2","4.9%",0,TRUE,TRUE,"SYELQESNVR",0,"True",2,"_[TMT_Nter]SYELQESNVR_",6681.411,5928.939,8974.651,10848.62,6887.13,8035.365,"True",6,0
"38","True","All Runs","TMT6Plex","ch_19Jan2017_SM-1-1_Sp-6-2_CID-OT-MS3-Short_HpH_4.raw","SEPT11","Homo sapiens","Q9NVA2","Septin-11","SEP11_HUMAN","Q9NVA2","4.9%",0,TRUE,TRUE,"ELEEEVNNFQK",0,"True",2,"_[TMT_Nter]ELEEEVNNFQK[TMT_Lys]_",1288.599,1050.671,1084.973,1137.397,675.5257,347.5335,"True",6,0
"39","True","All Runs","TMT6Plex","ch_19Jan2017_SM-1-1_Sp-6-2_CID-OT-MS3-Short_HpH_4.raw","FH","Homo sapiens","P07954","Fumarate hydratase, mitochondrial","FUMH_HUMAN","P07954","2.9%",0,TRUE,TRUE,"FLGSGPR",0.00307486631016043,"True",2,"_[TMT_Nter]FLGSGPR_",15669.3,31602.14,24633.08,21132.76,17776.88,12872.62,"True",6,0.0023813885326983
"40","True","All Runs","TMT6Plex","ch_19Jan2017_SM-1-1_Sp-6-2_CID-OT-MS3-Short_HpH_4.raw","FH","Homo sapiens","P07954","Fumarate hydratase, mitochondrial","FUMH_HUMAN","P07954","2.9%",0,TRUE,TRUE,"LHDALDAK",0.000416691469730341,"True",3,"_[TMT_Nter]LHDALDAK[TMT_Lys]_",104950.7,112292.6,120557.6,107775.1,122207.7,43868.04,"True",6,0.0031608155386657
"41","True","All Runs","TMT6Plex","ch_19Jan2017_SM-1-1_Sp-6-2_CID-OT-MS3-Short_HpH_4.raw","FH","Homo sapiens","P07954","Fumarate hydratase, mitochondrial","FUMH_HUMAN","P07954","2.9%",0,TRUE,TRUE,"LHDALDAK",0.000416691469730341,"True",2,"_[TMT_Nter]LHDALDAK[TMT_Lys]_",27513.96,35460.23,36026.95,26247.03,33112.48,12727.57,"True",6,0.000337622388115692
"42","True","All Runs","TMT6Plex","ch_19Jan2017_SM-1-1_Sp-6-2_CID-OT-MS3-Short_HpH_4.raw","NAP1L4","Homo sapiens","Q99733","Nucleosome assembly protein 1-like 4","NP1L4_HUMAN","Q99733","5.3%",0,TRUE,TRUE,"LTDQVMQNPR",0.000198649185538339,"True",2,"_[TMT_Nter]LTDQVMQNPR_",10726.11,7688.612,15041.15,11844.17,16189.8,10865.3,"True",6,0.000214601485042277
"43","True","All Runs","TMT6Plex","ch_19Jan2017_SM-1-1_Sp-6-2_CID-OT-MS3-Short_HpH_4.raw","NAP1L4","Homo sapiens","Q99733","Nucleosome assembly protein 1-like 4","NP1L4_HUMAN","Q99733","5.3%",0,FALSE,FALSE,"FYEEVHDLER",0,"True",3,"_[TMT_Nter]FYEEVHDLER_",38783.9,66877.05,42702.58,57867.7,43065,25479.15,"True",6,0
"44","True","All Runs","TMT6Plex","ch_19Jan2017_SM-1-1_Sp-6-2_CID-OT-MS3-Short_HpH_4.raw","NAP1L4","Homo sapiens","Q99733","Nucleosome assembly protein 1-like 4","NP1L4_HUMAN","Q99733","5.3%",0,FALSE,FALSE,"FYEEVHDLER",0,"True",3,"_[TMT_Nter]FYEEVHDLER_",1062.93,1487.107,1257.774,1991.089,1154.694,983.272,"True",6,5.61324726354196e-05
"45","True","All Runs","TMT6Plex","ch_19Jan2017_SM-1-1_Sp-6-2_CID-OT-MS3-Short_HpH_4.raw","NAP1L4","Homo sapiens","Q99733","Nucleosome assembly protein 1-like 4","NP1L4_HUMAN","Q99733","5.3%",0,FALSE,FALSE,"FYEEVHDLER",0,"True",3,"_[TMT_Nter]FYEEVHDLER_",7697.72,8904.28,14243.56,11501.86,15960.25,5464.437,"True",6,0.00534481980966127
"46","True","All Runs","TMT6Plex","ch_19Jan2017_SM-1-1_Sp-6-2_CID-OT-MS3-Short_HpH_4.raw","TPM3","Homo sapiens","P06753","Tropomyosin alpha-3 chain","TPM3_HUMAN","P06753","3.5%",0,FALSE,FALSE,"LKGTEDELDK",0.000834353098231171,"True",3,"_[TMT_Nter]LK[TMT_Lys]GTEDELDK[TMT_Lys]_",24036.57,24598.07,29870.87,31599.71,35845.9,11647.7,"True",6,0.00093315822216078
"47","True","All Runs","TMT6Plex","ch_19Jan2017_SM-1-1_Sp-6-2_CID-OT-MS3-Short_HpH_4.raw","TPM3","Homo sapiens","P06753","Tropomyosin alpha-3 chain","TPM3_HUMAN","P06753","3.5%",0,FALSE,FALSE,"LKGTEDELDK",0.000834353098231171,"True",2,"_[TMT_Nter]LK[TMT_Lys]GTEDELDK[TMT_Lys]_",671.0178,929.677,1019.773,596.8833,855.1237,73.95448,"True",6,0.00913609272206067
"48","True","All Runs","TMT6Plex","ch_19Jan2017_SM-1-1_Sp-6-2_CID-OT-MS3-Short_HpH_4.raw","CHCHD3","Homo sapiens","Q9NX63","MICOS complex subunit MIC19","MIC19_HUMAN","Q9NX63","3.5%",0,TRUE,TRUE,"VTTEQYQK",0,"True",2,"_[TMT_Nter]VTTEQYQK[TMT_Lys]_",18266.04,27962.86,21328.87,21839.19,17838.49,14670.41,"True",6,0.000214601485042277
"49","True","All Runs","TMT6Plex","ch_19Jan2017_SM-1-1_Sp-6-2_CID-OT-MS3-Short_HpH_4.raw","CHCHD3","Homo sapiens","Q9NX63","MICOS complex subunit MIC19","MIC19_HUMAN","Q9NX63","3.5%",0,TRUE,TRUE,"VTTEQYQK",0,"True",2,"_[TMT_Nter]VTTEQYQK[TMT_Lys]_",693.0502,1456.053,1695.376,1702.664,2578.178,960.0022,"True",6,0.00150431425976385
"50","True","All Runs","TMT6Plex","ch_19Jan2017_SM-1-1_Sp-6-2_CID-OT-MS3-Short_HpH_4.raw","TAGLN","Homo sapiens","Q01995","Transgelin","TAGL_HUMAN","Q01995","4%",0,TRUE,TRUE,"YDEELEER",0,"True",2,"_[TMT_Nter]YDEELEER_",9501.752,12104.4,10005.69,11325.98,15301.99,11408.83,"True",6,5.61324726354196e-05
"51","True","All Runs","TMT6Plex","ch_19Jan2017_SM-1-1_Sp-6-2_CID-OT-MS3-Short_HpH_4.raw","TAGLN","Homo sapiens","Q01995","Transgelin","TAGL_HUMAN","Q01995","4%",0,TRUE,TRUE,"YDEELEER",0,"True",2,"_[TMT_Nter]YDEELEER_",10003.41,9862.127,15256.43,9741.366,8228.07,2995.69,"True",6,0.000201338903709669
"52","True","All Runs","TMT6Plex","ch_19Jan2017_SM-1-1_Sp-6-2_CID-OT-MS3-Short_HpH_5.raw","CHCHD3","Homo sapiens","Q9NX63","MICOS complex subunit MIC19","MIC19_HUMAN","Q9NX63","7.5%",0,TRUE,TRUE,"VTTEQYQK",0,"True",2,"_[TMT_Nter]VTTEQYQK[TMT_Lys]_",7381.438,8001.05,10797.57,7413.871,9667.741,4404.239,"True",6,5.61324726354196e-05
"53","True","All Runs","TMT6Plex","ch_19Jan2017_SM-1-1_Sp-6-2_CID-OT-MS3-Short_HpH_5.raw","CHCHD3","Homo sapiens","Q9NX63","MICOS complex subunit MIC19","MIC19_HUMAN","Q9NX63","7.5%",0,TRUE,TRUE,"VTTEQYQK",0,"True",2,"_[TMT_Nter]VTTEQYQK[TMT_Lys]_",4664.92,5769.114,5507.871,5754.514,8069.052,2177.91,"True",6,0.000214601485042277
"54","True","All Runs","TMT6Plex","ch_19Jan2017_SM-1-1_Sp-6-2_CID-OT-MS3-Short_HpH_5.raw","CHCHD3","Homo sapiens","Q9NX63","MICOS complex subunit MIC19","MIC19_HUMAN","Q9NX63","7.5%",0,TRUE,TRUE,"AAANEQLTR",0.000198649185538339,"True",2,"_[TMT_Nter]AAANEQLTR_",21722.79,80578.24,92618.4,55839.6,37008.07,53568.69,"True",6,0.000201338903709669
"55","True","All Runs","TMT6Plex","ch_19Jan2017_SM-1-1_Sp-6-2_CID-OT-MS3-Short_HpH_5.raw","TPM3","Homo sapiens","P06753","Tropomyosin alpha-3 chain","TPM3_HUMAN","P06753","2.5%",0,TRUE,TRUE,"ALKDEEK",0.00119437087812224,"True",3,"_[TMT_Nter]ALK[TMT_Lys]DEEK[TMT_Lys]_",43161.47,44011.17,59007.26,46585.33,60297.21,14577.75,"True",6,0.00616823250504873
"56","True","All Runs","TMT6Plex","ch_19Jan2017_SM-1-1_Sp-6-2_CID-OT-MS3-Short_HpH_5.raw","TPM3","Homo sapiens","P06753","Tropomyosin alpha-3 chain","TPM3_HUMAN","P06753","2.5%",0,TRUE,TRUE,"ALKDEEK",0.00119437087812224,"True",2,"_[TMT_Nter]ALK[TMT_Lys]DEEK[TMT_Lys]_",3090.557,3958.793,5231.986,4889.44,5815.638,1841.025,"True",6,0.00110994830812165
"57","True","All Runs","TMT6Plex","ch_19Jan2017_SM-1-1_Sp-6-2_CID-OT-MS3-Short_HpH_5.raw","TAGLN","Homo sapiens","Q01995","Transgelin","TAGL_HUMAN","Q01995","11.4%",0,TRUE,TRUE,"KYDEELEER",0,"True",3,"_[TMT_Nter]K[TMT_Lys]YDEELEER_",58210.92,69523.89,50912.62,55765.29,54135.5,55746.16,"True",6,0.00281238435919576
"58","True","All Runs","TMT6Plex","ch_19Jan2017_SM-1-1_Sp-6-2_CID-OT-MS3-Short_HpH_5.raw","TAGLN","Homo sapiens","Q01995","Transgelin","TAGL_HUMAN","Q01995","11.4%",0,TRUE,TRUE,"KYDEELEER",0,"True",2,"_[TMT_Nter]K[TMT_Lys]YDEELEER_",2091.072,1134.161,2638.046,1051.105,2712.686,861.7491,"True",6,5.61324726354196e-05
"59","True","All Runs","TMT6Plex","ch_19Jan2017_SM-1-1_Sp-6-2_CID-OT-MS3-Short_HpH_5.raw","TAGLN","Homo sapiens","Q01995","Transgelin","TAGL_HUMAN","Q01995","11.4%",0,TRUE,TRUE,"KYDEELEER",0,"True",2,"_[TMT_Nter]K[TMT_Lys]YDEELEER_",995.5286,1097.65,960.4077,1881.117,1271.798,1085.615,"True",6,0.000765389802092066
"60","True","All Runs","TMT6Plex","ch_19Jan2017_SM-1-1_Sp-6-2_CID-OT-MS3-Short_HpH_5.raw","TAGLN","Homo sapiens","Q01995","Transgelin","TAGL_HUMAN","Q01995","11.4%",0,TRUE,TRUE,"LVNSLYPDGSKPVK",0,"True",3,"_[TMT_Nter]LVNSLYPDGSK[TMT_Lys]PVK[TMT_Lys]_",62491.27,54890.72,51702.32,54809.2,55219.69,31651.76,"True",6,5.61324726354196e-05
"61","True","All Runs","TMT6Plex","ch_19Jan2017_SM-1-1_Sp-6-2_CID-OT-MS3-Short_HpH_5.raw","SNX2","Homo sapiens","O60749","Sorting nexin-2","SNX2_HUMAN","O60749","1.7%",0,TRUE,TRUE,"MMVANKPDK",0.000865145452579215,"True",3,"_[TMT_Nter]MMVANK[TMT_Lys]PDK[TMT_Lys]_",35569.53,48233.54,45520.58,51938.34,43872.72,11530.65,"True",6,0.000964673009114497
"62","True","All Runs","TMT6Plex","ch_19Jan2017_SM-1-1_Sp-6-2_CID-OT-MS3-Short_HpH_5.raw","SEPT11","Homo sapiens","Q9NVA2","Septin-11","SEP11_HUMAN","Q9NVA2","4.4%",0,FALSE,FALSE,"QYPWGVVQVENENHCDFVK",0,"True",3,"_[TMT_Nter]QYPWGVVQVENENHC[Carbamidomethyl (C)]DFVK[TMT_Lys]_",1319.414,1310.256,2503.791,1527.688,1684.51,521.625,"True",6,0
"63","True","All Runs","TMT6Plex","ch_19Jan2017_SM-1-1_Sp-6-2_CID-OT-MS3-Short_HpH_5.raw","SEPT11","Homo sapiens","Q9NVA2","Septin-11","SEP11_HUMAN","Q9NVA2","4.4%",0,FALSE,FALSE,"QYPWGVVQVENENHCDFVK",0,"True",3,"_[TMT_Nter]QYPWGVVQVENENHC[Carbamidomethyl (C)]DFVK[TMT_Lys]_",1039.469,1249.561,463.29,503.8133,582.3884,1161.673,"True",6,5.61324726354196e-05
"64","True","All Runs","TMT6Plex","ch_19Jan2017_SM-1-1_Sp-6-2_CID-OT-MS3-Short_HpH_6.raw","FH","Homo sapiens","P07954","Fumarate hydratase, mitochondrial","FUMH_HUMAN","P07954","8.4%",0,TRUE,TRUE,"IANAIMK",0.000416691469730341,"True",2,"_[TMT_Nter]IANAIMK[TMT_Lys]_",77484.9,101354.2,106242.6,81417.09,57274.59,25077.48,"True",6,0.000337622388115692
"65","True","All Runs","TMT6Plex","ch_19Jan2017_SM-1-1_Sp-6-2_CID-OT-MS3-Short_HpH_6.raw","FH","Homo sapiens","P07954","Fumarate hydratase, mitochondrial","FUMH_HUMAN","P07954","8.4%",0,TRUE,TRUE,"SGLGELILPENEPGSSIMPGK",0,"True",3,"_[TMT_Nter]SGLGELILPENEPGSSIMPGK[TMT_Lys]_",88982.97,130971.7,93601.07,124366.2,134187.1,59175.23,"True",6,0
"66","True","All Runs","TMT6Plex","ch_19Jan2017_SM-1-1_Sp-6-2_CID-OT-MS3-Short_HpH_6.raw","FH","Homo sapiens","P07954","Fumarate hydratase, mitochondrial","FUMH_HUMAN","P07954","8.4%",0,TRUE,TRUE,"IEYDTFGELKVPNDK",0.000967741935483871,"True",3,"_[TMT_Nter]IEYDTFGELK[TMT_Lys]VPNDK[TMT_Lys]_",5248.583,5081.197,8955.53,15220.9,5982.681,7806.271,"True",6,0.000990752972258917
"67","True","All Runs","TMT6Plex","ch_19Jan2017_SM-1-1_Sp-6-2_CID-OT-MS3-Short_HpH_6.raw","TPM3","Homo sapiens","P06753","Tropomyosin alpha-3 chain","TPM3_HUMAN","P06753","6%",0,FALSE,FALSE,"LATALQK",0.000198649185538339,"True",2,"_[TMT_Nter]LATALQK[TMT_Lys]_",538776.2,703313.4,476405,601358.6,691923.9,421144.3,"True",6,0.000214601485042277
"68","True","All Runs","TMT6Plex","ch_19Jan2017_SM-1-1_Sp-6-2_CID-OT-MS3-Short_HpH_6.raw","TPM3","Homo sapiens","P06753","Tropomyosin alpha-3 chain","TPM3_HUMAN","P06753","6%",0,FALSE,FALSE,"LATALQK",0.000198649185538339,"True",2,"_[TMT_Nter]LATALQK[TMT_Lys]_",3192.114,2796.706,1804.095,2685.477,1863.854,1369.268,"True",6,0.000812548576273582
"69","True","All Runs","TMT6Plex","ch_19Jan2017_SM-1-1_Sp-6-2_CID-OT-MS3-Short_HpH_6.raw","TPM3","Homo sapiens","P06753","Tropomyosin alpha-3 chain","TPM3_HUMAN","P06753","6%",0,FALSE,FALSE,"LATALQK",0.000198649185538339,"True",2,"_[TMT_Nter]LATALQK[TMT_Lys]_",49210.13,97519.82,96880.8,52098.82,69612.82,40524.55,"True",6,0.00110994830812165
"70","True","All Runs","TMT6Plex","ch_19Jan2017_SM-1-1_Sp-6-2_CID-OT-MS3-Short_HpH_6.raw","TPM3","Homo sapiens","P06753","Tropomyosin alpha-3 chain","TPM3_HUMAN","P06753","6%",0,FALSE,FALSE,"IQLVEEELDR",0,"True",2,"_[TMT_Nter]IQLVEEELDR_",81141.27,49140.43,51873.09,68567,67101.1,37611.13,"True",6,0
"71","True","All Runs","TMT6Plex","ch_19Jan2017_SM-1-1_Sp-6-2_CID-OT-MS3-Short_HpH_7.raw","FH","Homo sapiens","P07954","Fumarate hydratase, mitochondrial","FUMH_HUMAN","P07954","7.3%",0,TRUE,TRUE,"AAAEVNQDYGLDPK",0,"True",3,"_[TMT_Nter]AAAEVNQDYGLDPK[TMT_Lys]_",85214.74,105686.3,88552.7,97892.48,118097,45230.44,"True",6,0.000214601485042277
"72","True","All Runs","TMT6Plex","ch_19Jan2017_SM-1-1_Sp-6-2_CID-OT-MS3-Short_HpH_7.raw","FH","Homo sapiens","P07954","Fumarate hydratase, mitochondrial","FUMH_HUMAN","P07954","7.3%",0,TRUE,TRUE,"AAAEVNQDYGLDPK",0,"True",2,"_[TMT_Nter]AAAEVNQDYGLDPK[TMT_Lys]_",6393.694,7887.951,9917.544,11282.77,8544.471,4893.753,"True",6,0
"73","True","All Runs","TMT6Plex","ch_19Jan2017_SM-1-1_Sp-6-2_CID-OT-MS3-Short_HpH_7.raw","FH","Homo sapiens","P07954","Fumarate hydratase, mitochondrial","FUMH_HUMAN","P07954","7.3%",0,TRUE,TRUE,"AAAEVNQDYGLDPK",0,"True",2,"_[TMT_Nter]AAAEVNQDYGLDPK[TMT_Lys]_",1696.214,2382.119,1426.478,2179.532,2088.68,656.8588,"True",6,0.00150431425976385
"74","True","All Runs","TMT6Plex","ch_19Jan2017_SM-1-1_Sp-6-2_CID-OT-MS3-Short_HpH_7.raw","FH","Homo sapiens","P07954","Fumarate hydratase, mitochondrial","FUMH_HUMAN","P07954","7.3%",0,TRUE,TRUE,"THTQDAVPLTLGQEFSGYVQQVK",0,"True",3,"_[TMT_Nter]THTQDAVPLTLGQEFSGYVQQVK[TMT_Lys]_",12806.96,8184.591,7249.9,11803.12,11247.66,3363.441,"True",6,0
"75","True","All Runs","TMT6Plex","ch_19Jan2017_SM-1-1_Sp-6-2_CID-OT-MS3-Short_HpH_7.raw","POP1","Homo sapiens","Q99575","Ribonucleases P/MRP protein subunit POP1","POP1_HUMAN","Q99575","1.2%",0,TRUE,TRUE,"AGPEGTSQEIPK",0.000198649185538339,"True",2,"_[TMT_Nter]AGPEGTSQEIPK[TMT_Lys]_",3484.058,3266.273,3430.515,4147.666,5269.542,1793.541,"True",6,0.000201338903709669
"76","True","All Runs","TMT6Plex","ch_19Jan2017_SM-1-1_Sp-6-2_CID-OT-MS3-Short_HpH_7.raw","TAGLN","Homo sapiens","Q01995","Transgelin","TAGL_HUMAN","Q01995","5.5%",0,TRUE,TRUE,"EFTESQLQEGK",0,"True",2,"_[TMT_Nter]EFTESQLQEGK[TMT_Lys]_",1499.975,4626.721,7364.155,3681.074,4868.268,1219.912,"True",6,0
"77","True","All Runs","TMT6Plex","ch_19Jan2017_SM-1-1_Sp-6-2_CID-OT-MS3-Short_HpH_7.raw","SNX2","Homo sapiens","O60749","Sorting nexin-2","SNX2_HUMAN","O60749","4%",0,TRUE,TRUE,"ELSANTAAFAK",0,"True",2,"_[TMT_Nter]ELSANTAAFAK[TMT_Lys]_",3597.261,10176.58,4994.525,3788.882,8530.419,10925.71,"True",6,0
"78","True","All Runs","TMT6Plex","ch_19Jan2017_SM-1-1_Sp-6-2_CID-OT-MS3-Short_HpH_7.raw","SNX2","Homo sapiens","O60749","Sorting nexin-2","SNX2_HUMAN","O60749","4%",0,TRUE,TRUE,"FSDFLGLHSK",0.00403860051864133,"True",3,"_[TMT_Nter]FSDFLGLHSK[TMT_Lys]_",6652.603,9372.073,5156.725,7878.456,6339.873,2978.321,"True",6,0.00296256396444923
"79","True","All Runs","TMT6Plex","ch_19Jan2017_SM-1-1_Sp-6-2_CID-OT-MS3-Short_HpH_7.raw","CHCHD3","Homo sapiens","Q9NX63","MICOS complex subunit MIC19","MIC19_HUMAN","Q9NX63","3.5%",0,TRUE,TRUE,"ESSPSGSK",0.00101327929177111,"True",2,"_[TMT_Nter]ESSPSGSK[TMT_Lys]_",33560.46,34323.57,40268.76,34927.8,36713.61,21190.67,"True",6,0.00159686230564505
"80","True","All Runs","TMT6Plex","ch_19Jan2017_SM-1-1_Sp-6-2_CID-OT-MS3-Short_HpH_7.raw","CHCHD3","Homo sapiens","Q9NX63","MICOS complex subunit MIC19","MIC19_HUMAN","Q9NX63","3.5%",0,TRUE,TRUE,"ESSPSGSK",0.00101327929177111,"True",2,"_[TMT_Nter]ESSPSGSK[TMT_Lys]_",8854.386,12346.43,10589.9,11774.28,12538.31,9075.835,"True",6,0.00248440906555798
"81","True","All Runs","TMT6Plex","ch_19Jan2017_SM-1-1_Sp-6-2_CID-OT-MS3-Short_HpH_7.raw","EGLN1","Homo sapiens","Q9GZT9","Egl nine homolog 1","EGLN1_HUMAN","Q9GZT9","2.6%",0,TRUE,TRUE,"ETGQQIGDEVR",0.00171289908169577,"True",2,"_[TMT_Nter]ETGQQIGDEVR_",2208.631,1992.433,2857.417,3858.228,2647.957,1701.877,"True",6,0.00150431425976385
"82","True","All Runs","TMT6Plex","ch_19Jan2017_SM-1-1_Sp-6-2_CID-OT-MS3-Short_HpH_7.raw","TPM3","Homo sapiens","P06753","Tropomyosin alpha-3 chain","TPM3_HUMAN","P06753","11.6%",0,FALSE,FALSE,"IQLVEEELDR",0,"True",2,"_[TMT_Nter]IQLVEEELDR_",68185.2,236981.5,207128.6,193278.2,287248,210509.4,"True",6,0
"83","True","All Runs","TMT6Plex","ch_19Jan2017_SM-1-1_Sp-6-2_CID-OT-MS3-Short_HpH_7.raw","TPM3","Homo sapiens","P06753","Tropomyosin alpha-3 chain","TPM3_HUMAN","P06753","11.6%",0,FALSE,FALSE,"LATALQK",0.000198649185538339,"True",2,"_[TMT_Nter]LATALQK[TMT_Lys]_",75288.31,169757,91736.03,94426.48,141848.3,88615.66,"True",6,0.000214601485042277
"84","True","All Runs","TMT6Plex","ch_19Jan2017_SM-1-1_Sp-6-2_CID-OT-MS3-Short_HpH_7.raw","TPM3","Homo sapiens","P06753","Tropomyosin alpha-3 chain","TPM3_HUMAN","P06753","11.6%",0,FALSE,FALSE,"HIAEEADRK",0,"True",3,"_[TMT_Nter]HIAEEADRK[TMT_Lys]_",12185.37,9131.417,14379.92,13270.66,12964.61,8607.977,"True",6,0.00244409776391056
"85","True","All Runs","TMT6Plex","ch_19Jan2017_SM-1-1_Sp-6-2_CID-OT-MS3-Short_HpH_7.raw","TPM3","Homo sapiens","P06753","Tropomyosin alpha-3 chain","TPM3_HUMAN","P06753","11.6%",0,FALSE,FALSE,"HIAEEADRK",0,"True",2,"_[TMT_Nter]HIAEEADRK[TMT_Lys]_",1719.334,2282.54,2577.212,2682.479,2988.233,878.7974,"True",6,0.000214601485042277
"86","True","All Runs","TMT6Plex","ch_19Jan2017_SM-1-1_Sp-6-2_CID-OT-MS3-Short_HpH_7.raw","TPM3","Homo sapiens","P06753","Tropomyosin alpha-3 chain","TPM3_HUMAN","P06753","11.6%",0,FALSE,FALSE,"HIAEEADRK",0,"True",2,"_[TMT_Nter]HIAEEADRK[TMT_Lys]_",271.6657,389.3684,337.7741,249.8302,141.6954,224.7422,"True",6,0.00592282514306072
"87","True","All Runs","TMT6Plex","ch_19Jan2017_SM-1-1_Sp-6-2_CID-OT-MS3-Short_HpH_7.raw","TPM3","Homo sapiens","P06753","Tropomyosin alpha-3 chain","TPM3_HUMAN","P06753","11.6%",0,TRUE,TRUE,"YSQKEDK",0.00404926607052472,"True",3,"_[TMT_Nter]YSQK[TMT_Lys]EDK[TMT_Lys]_",46906.92,38008.39,42687.21,39853.75,24845.18,12736.24,"True",6,0.00296425881381053
"88","True","All Runs","TMT6Plex","ch_19Jan2017_SM-1-1_Sp-6-2_CID-OT-MS3-Short_HpH_7.raw","TPM3","Homo sapiens","P06753","Tropomyosin alpha-3 chain","TPM3_HUMAN","P06753","11.6%",0,TRUE,TRUE,"YSQKEDK",0.00404926607052472,"True",2,"_[TMT_Nter]YSQK[TMT_Lys]EDK[TMT_Lys]_",795.4437,1075.479,599.8889,911.6595,743.6937,281.5931,"True",6,0.00526614459198729
"89","True","All Runs","TMT6Plex","ch_19Jan2017_SM-1-1_Sp-6-2_CID-OT-MS3-Short_HpH_7.raw","NAP1L4","Homo sapiens","Q99733","Nucleosome assembly protein 1-like 4","NP1L4_HUMAN","Q99733","4.5%",0,TRUE,TRUE,"LDNVPHTPSSYIETLPK",0,"True",3,"_[TMT_Nter]LDNVPHTPSSYIETLPK[TMT_Lys]_",21546.07,26304.01,21646.48,24466.33,9885.423,13002.28,"True",6,0
"90","True","All Runs","TMT6Plex","ch_19Jan2017_SM-1-1_Sp-6-2_CID-OT-MS3-Short_HpH_7.raw","SEPT11","Homo sapiens","Q9NVA2","Septin-11","SEP11_HUMAN","Q9NVA2","2.6%",0,FALSE,FALSE,"STLMDTLFNTK",0,"True",2,"_[TMT_Nter]STLMDTLFNTK[TMT_Lys]_",27130.75,20606.61,21311.63,28909.17,24530.64,9268.613,"True",6,0
"91","True","All Runs","TMT6Plex","ch_19Jan2017_SM-1-1_Sp-6-2_CID-OT-MS3-Short_HpH_8.raw","FH","Homo sapiens","P07954","Fumarate hydratase, mitochondrial","FUMH_HUMAN","P07954","5.9%",0,TRUE,TRUE,"AIEMLGGELGSK",0,"True",2,"_[TMT_Nter]AIEMLGGELGSK[TMT_Lys]_",18017.66,28028.95,25472.54,27343.26,34438.38,24419.03,"True",6,0
"92","True","All Runs","TMT6Plex","ch_19Jan2017_SM-1-1_Sp-6-2_CID-OT-MS3-Short_HpH_8.raw","FH","Homo sapiens","P07954","Fumarate hydratase, mitochondrial","FUMH_HUMAN","P07954","5.9%",0,TRUE,TRUE,"IPVHPNDHVNK",0,"True",4,"_[TMT_Nter]IPVHPNDHVNK[TMT_Lys]_",115423,118887.8,120929.1,127359.5,127567.5,59081.94,"True",6,0.000214601485042277
"93","True","All Runs","TMT6Plex","ch_19Jan2017_SM-1-1_Sp-6-2_CID-OT-MS3-Short_HpH_8.raw","FH","Homo sapiens","P07954","Fumarate hydratase, mitochondrial","FUMH_HUMAN","P07954","5.9%",0,TRUE,TRUE,"IPVHPNDHVNK",0,"True",4,"_[TMT_Nter]IPVHPNDHVNK[TMT_Lys]_",164643.7,139316.6,134126,164730.8,129071,85109.45,"True",6,0.000244269836746326
"94","True","All Runs","TMT6Plex","ch_19Jan2017_SM-1-1_Sp-6-2_CID-OT-MS3-Short_HpH_8.raw","FH","Homo sapiens","P07954","Fumarate hydratase, mitochondrial","FUMH_HUMAN","P07954","5.9%",0,TRUE,TRUE,"IPVHPNDHVNK",0,"True",3,"_[TMT_Nter]IPVHPNDHVNK[TMT_Lys]_",9173.723,10801.03,11208.15,6582.07,12915.51,6173.751,"True",6,0.000214601485042277
"95","True","All Runs","TMT6Plex","ch_19Jan2017_SM-1-1_Sp-6-2_CID-OT-MS3-Short_HpH_8.raw","FH","Homo sapiens","P07954","Fumarate hydratase, mitochondrial","FUMH_HUMAN","P07954","5.9%",0,TRUE,TRUE,"IPVHPNDHVNK",0,"True",3,"_[TMT_Nter]IPVHPNDHVNK[TMT_Lys]_",18738.93,23309.48,17974.44,22573.37,14155.46,10145.44,"True",6,0.00721497595008017
"96","True","All Runs","TMT6Plex","ch_19Jan2017_SM-1-1_Sp-6-2_CID-OT-MS3-Short_HpH_8.raw","FH","Homo sapiens","P07954","Fumarate hydratase, mitochondrial","FUMH_HUMAN","P07954","5.9%",0,TRUE,TRUE,"IPVHPNDHVNK",0,"True",2,"_[TMT_Nter]IPVHPNDHVNK[TMT_Lys]_",2330.224,1886.993,1751.328,2093.723,3174.62,1167.709,"True",6,0
"97","True","All Runs","TMT6Plex","ch_19Jan2017_SM-1-1_Sp-6-2_CID-OT-MS3-Short_HpH_8.raw","FH","Homo sapiens","P07954","Fumarate hydratase, mitochondrial","FUMH_HUMAN","P07954","5.9%",0,TRUE,TRUE,"NVLHSAR",0.00307486631016043,"True",2,"_[TMT_Nter]NVLHSAR_",7541.089,6486.912,9429.667,10578.46,7748.335,5727.307,"True",6,0.0023813885326983
"98","True","All Runs","TMT6Plex","ch_19Jan2017_SM-1-1_Sp-6-2_CID-OT-MS3-Short_HpH_8.raw","CHCHD3","Homo sapiens","Q9NX63","MICOS complex subunit MIC19","MIC19_HUMAN","Q9NX63","10.1%",0,TRUE,TRUE,"YSGAYGASVSDEELK",0,"True",2,"_[TMT_Nter]YSGAYGASVSDEELK[TMT_Lys]_",2777.741,2908.583,3952.38,3802.743,2144.77,1818.073,"True",6,0
"99","True","All Runs","TMT6Plex","ch_19Jan2017_SM-1-1_Sp-6-2_CID-OT-MS3-Short_HpH_8.raw","CHCHD3","Homo sapiens","Q9NX63","MICOS complex subunit MIC19","MIC19_HUMAN","Q9NX63","10.1%",0,TRUE,TRUE,"YSGAYGASVSDEELK",0,"True",3,"_[TMT_Nter]YSGAYGASVSDEELK[TMT_Lys]_",12634.82,14222.2,11388.1,6306.259,12815.88,8773.842,"True",6,0.000964673009114497
"100","True","All Runs","TMT6Plex","ch_19Jan2017_SM-1-1_Sp-6-2_CID-OT-MS3-Short_HpH_8.raw","CHCHD3","Homo sapiens","Q9NX63","MICOS complex subunit MIC19","MIC19_HUMAN","Q9NX63","10.1%",0,TRUE,TRUE,"ESSPSGSK",0.00101327929177111,"True",2,"_[TMT_Nter]ESSPSGSK[TMT_Lys]_",6958.734,5717.407,7142.389,8472.695,6840.775,8364.906,"True",6,0.0010145971067618
"101","True","All Runs","TMT6Plex","ch_19Jan2017_SM-1-1_Sp-6-2_CID-OT-MS3-Short_HpH_8.raw","TPM3","Homo sapiens","P06753","Tropomyosin alpha-3 chain","TPM3_HUMAN","P06753","10.5%",0,FALSE,FALSE,"HIAEEADRK",0,"True",3,"_[TMT_Nter]HIAEEADRK[TMT_Lys]_",50290.46,72887.54,59193.35,62814.05,75118.52,28332.12,"True",6,0.000201338903709669
"102","True","All Runs","TMT6Plex","ch_19Jan2017_SM-1-1_Sp-6-2_CID-OT-MS3-Short_HpH_8.raw","TPM3","Homo sapiens","P06753","Tropomyosin alpha-3 chain","TPM3_HUMAN","P06753","10.5%",0,FALSE,FALSE,"HIAEEADRK",0,"True",3,"_[TMT_Nter]HIAEEADRK[TMT_Lys]_",2008.385,2468.48,3312.319,3005.753,5537.284,850.8173,"True",6,0.0073123382226057
"103","True","All Runs","TMT6Plex","ch_19Jan2017_SM-1-1_Sp-6-2_CID-OT-MS3-Short_HpH_8.raw","TPM3","Homo sapiens","P06753","Tropomyosin alpha-3 chain","TPM3_HUMAN","P06753","10.5%",0,FALSE,FALSE,"HIAEEADRK",0,"True",2,"_[TMT_Nter]HIAEEADRK[TMT_Lys]_",6284.653,7623.723,8233.44,9745.14,8947.288,2971.76,"True",6,0
"104","True","All Runs","TMT6Plex","ch_19Jan2017_SM-1-1_Sp-6-2_CID-OT-MS3-Short_HpH_8.raw","TPM3","Homo sapiens","P06753","Tropomyosin alpha-3 chain","TPM3_HUMAN","P06753","10.5%",0,FALSE,FALSE,"IQLVEEELDRAQER",0,"True",3,"_[TMT_Nter]IQLVEEELDRAQER_",20549.21,35441.92,16340.52,27330.71,36186.21,24349.58,"True",6,0
"105","True","All Runs","TMT6Plex","ch_19Jan2017_SM-1-1_Sp-6-2_CID-OT-MS3-Short_HpH_8.raw","TPM3","Homo sapiens","P06753","Tropomyosin alpha-3 chain","TPM3_HUMAN","P06753","10.5%",0,FALSE,FALSE,"LKEAETR",0.00307486631016043,"True",3,"_[TMT_Nter]LK[TMT_Lys]EAETR_",57360.29,71748.84,81103.52,77904.77,67601.5,39615.02,"True",6,0.0023813885326983
"106","True","All Runs","TMT6Plex","ch_19Jan2017_SM-1-1_Sp-6-2_CID-OT-MS3-Short_HpH_8.raw","NAP1L4","Homo sapiens","Q99733","Nucleosome assembly protein 1-like 4","NP1L4_HUMAN","Q99733","4%",0,TRUE,TRUE,"QVPNESFFNFFNPLK",0,"True",3,"_[TMT_Nter]QVPNESFFNFFNPLK[TMT_Lys]_",8779.657,11275.03,7832.669,12076,14170.96,8612.457,"True",6,0
"107","True","All Runs","TMT6Plex","ch_19Jan2017_SM-1-1_Sp-6-2_CID-OT-MS3-Short_HpH_8.raw","NAP1L4","Homo sapiens","Q99733","Nucleosome assembly protein 1-like 4","NP1L4_HUMAN","Q99733","4%",0,TRUE,TRUE,"QVPNESFFNFFNPLK",0,"True",2,"_[TMT_Nter]QVPNESFFNFFNPLK[TMT_Lys]_",835.4891,631.8568,431.1656,580.6412,200.7549,356.8355,"True",6,0
"108","True","All Runs","TMT6Plex","ch_19Jan2017_SM-1-1_Sp-6-2_CID-OT-MS3-Short_HpH_8.raw","POP1","Homo sapiens","Q99575","Ribonucleases P/MRP protein subunit POP1","POP1_HUMAN","Q99575","1.8%",0,TRUE,TRUE,"VNPHSLPDPEVNEQSSSK",0,"True",3,"_[TMT_Nter]VNPHSLPDPEVNEQSSSK[TMT_Lys]_",2882.61,6676.292,5527.096,5095.614,5103.602,4369.208,"True",6,0
"109","True","All Runs","TMT6Plex","ch_19Jan2017_SM-1-1_Sp-6-2_CID-OT-MS3-Short_HpH_9.raw","TPM3","Homo sapiens","P06753","Tropomyosin alpha-3 chain","TPM3_HUMAN","P06753","9.8%",0,FALSE,FALSE,"AADESER",0.0014424990051731,"True",2,"_[TMT_Nter]AADESER_",503.3307,407.1891,375.4242,412.8274,527.4193,487.9221,"True",6,0.00391779664993197
"110","True","All Runs","TMT6Plex","ch_19Jan2017_SM-1-1_Sp-6-2_CID-OT-MS3-Short_HpH_9.raw","TPM3","Homo sapiens","P06753","Tropomyosin alpha-3 chain","TPM3_HUMAN","P06753","9.8%",0,FALSE,FALSE,"HIAEEADR",0.000198649185538339,"True",3,"_[TMT_Nter]HIAEEADR_",5711.401,6722.749,8210.42,12676.57,10304.86,4348.765,"True",6,0.000765389802092066
"111","True","All Runs","TMT6Plex","ch_19Jan2017_SM-1-1_Sp-6-2_CID-OT-MS3-Short_HpH_9.raw","TPM3","Homo sapiens","P06753","Tropomyosin alpha-3 chain","TPM3_HUMAN","P06753","9.8%",0,TRUE,TRUE,"AADAEAEVASLNR",0,"True",3,"_[TMT_Nter]AADAEAEVASLNR_",157144.6,188516,229912.5,202441.4,204237.3,151442.1,"True",6,0.000812548576273582
"112","True","All Runs","TMT6Plex","ch_19Jan2017_SM-1-1_Sp-6-2_CID-OT-MS3-Short_HpH_9.raw","TPM3","Homo sapiens","P06753","Tropomyosin alpha-3 chain","TPM3_HUMAN","P06753","9.8%",0,TRUE,TRUE,"AADAEAEVASLNR",0,"True",2,"_[TMT_Nter]AADAEAEVASLNR_",1957.259,1817.755,5660.298,437.8182,3811.503,3566.771,"True",6,5.61324726354196e-05
"113","True","All Runs","TMT6Plex","ch_19Jan2017_SM-1-1_Sp-6-2_CID-OT-MS3-Short_HpH_9.raw","TPM3","Homo sapiens","P06753","Tropomyosin alpha-3 chain","TPM3_HUMAN","P06753","9.8%",0,TRUE,TRUE,"AADAEAEVASLNR",0,"True",2,"_[TMT_Nter]AADAEAEVASLNR_",22037.76,29008.93,32705.41,26905.85,32159.96,21562.69,"True",6,0.000244269836746326
"114","True","All Runs","TMT6Plex","ch_19Jan2017_SM-1-1_Sp-6-2_CID-OT-MS3-Short_HpH_9.raw","FH","Homo sapiens","P07954","Fumarate hydratase, mitochondrial","FUMH_HUMAN","P07954","4.5%",0,TRUE,TRUE,"AIEMLGGELGSK",0,"True",2,"_[TMT_Nter]AIEMLGGELGSK[TMT_Lys]_",38584.13,28141.44,32217.32,38475.88,51026.63,25148.2,"True",6,0
"115","True","All Runs","TMT6Plex","ch_19Jan2017_SM-1-1_Sp-6-2_CID-OT-MS3-Short_HpH_9.raw","FH","Homo sapiens","P07954","Fumarate hydratase, mitochondrial","FUMH_HUMAN","P07954","4.5%",0,TRUE,TRUE,"AIEMLGGELGSK",0,"True",3,"_[TMT_Nter]AIEMLGGELGSK[TMT_Lys]_",33786.22,62315.68,39359.88,50691.19,62939.95,23035.68,"True",6,0.00141835588913185
"116","True","All Runs","TMT6Plex","ch_19Jan2017_SM-1-1_Sp-6-2_CID-OT-MS3-Short_HpH_9.raw","FH","Homo sapiens","P07954","Fumarate hydratase, mitochondrial","FUMH_HUMAN","P07954","4.5%",0,TRUE,TRUE,"IPVHPNDHVNK",0,"True",4,"_[TMT_Nter]IPVHPNDHVNK[TMT_Lys]_",40240.88,51623.48,53342.55,45133.23,49781.29,22877.46,"True",6,0.00651850555604165
"117","True","All Runs","TMT6Plex","ch_19Jan2017_SM-1-1_Sp-6-2_CID-OT-MS3-Short_HpH_9.raw","EGLN1","Homo sapiens","Q9GZT9","Egl nine homolog 1","EGLN1_HUMAN","Q9GZT9","2.3%",0,TRUE,TRUE,"FTDGQLVSQK",0.000416691469730341,"True",2,"_[TMT_Nter]FTDGQLVSQK[TMT_Lys]_",5501.167,4931.146,8006.595,6982.444,5437.007,2315.817,"True",6,0.000337622388115692
"118","True","All Runs","TMT6Plex","ch_19Jan2017_SM-1-1_Sp-6-2_CID-OT-MS3-Short_HpH_9.raw","CHCHD3","Homo sapiens","Q9NX63","MICOS complex subunit MIC19","MIC19_HUMAN","Q9NX63","10.1%",0,TRUE,TRUE,"YSGAYGASVSDEELK",0,"True",2,"_[TMT_Nter]YSGAYGASVSDEELK[TMT_Lys]_",3335.732,4729.025,4828.461,4579.924,4522.485,1785.427,"True",6,0
"119","True","All Runs","TMT6Plex","ch_19Jan2017_SM-1-1_Sp-6-2_CID-OT-MS3-Short_HpH_9.raw","CHCHD3","Homo sapiens","Q9NX63","MICOS complex subunit MIC19","MIC19_HUMAN","Q9NX63","10.1%",0,TRUE,TRUE,"LSENVIDR",0.000967741935483871,"True",2,"_[TMT_Nter]LSENVIDR_",31622.97,54595.29,33309.38,46058.23,55106.6,19325.6,"True",6,0.000990752972258917
"120","True","All Runs","TMT6Plex","ch_19Jan2017_SM-1-1_Sp-6-2_CID-OT-MS3-Short_HpH_9.raw","NAP1L4","Homo sapiens","Q99733","Nucleosome assembly protein 1-like 4","NP1L4_HUMAN","Q99733","1.9%",0,TRUE,TRUE,"NASNTEK",0.000629362627302895,"True",2,"_[TMT_Nter]NASNTEK[TMT_Lys]_",3692.134,4940.218,5142.649,5249.706,5775.629,9303.161,"True",6,0.00239926978745599
"121","True","All Runs","TMT6Plex","ch_19Jan2017_SM-1-1_Sp-6-2_CID-OT-MS3-Short_HpH_9.raw","TAGLN","Homo sapiens","Q01995","Transgelin","TAGL_HUMAN","Q01995","6.5%",0,TRUE,TRUE,"TDMFQTVDLFEGK",0.000198649185538339,"True",3,"_[TMT_Nter]TDMFQTVDLFEGK[TMT_Lys]_",10468.79,17319.71,21574.87,20639.37,20450.05,3685.271,"True",6,0.00904996159993358
"122","True","All Runs","TMT6Plex","ch_19Jan2017_SM-1-1_Sp-6-2_CID-OT-MS3-Short_HpH_9.raw","TAGLN","Homo sapiens","Q01995","Transgelin","TAGL_HUMAN","Q01995","6.5%",0,TRUE,TRUE,"TDMFQTVDLFEGK",0.000198649185538339,"True",2,"_[TMT_Nter]TDMFQTVDLFEGK[TMT_Lys]_",744.9425,717.445,1574.667,1179.179,1300.203,767.4133,"True",6,0.000201338903709669
"123","True","All Runs","TMT6Plex","ch_19Jan2017_SM-1-1_Sp-6-2_CID-OT-MS3-Short_HpH_10.raw","FH","Homo sapiens","P07954","Fumarate hydratase, mitochondrial","FUMH_HUMAN","P07954","4.3%",0,TRUE,TRUE,"VAALTGLPFVTAPNK",0,"True",2,"_[TMT_Nter]VAALTGLPFVTAPNK[TMT_Lys]_",3417.802,3081.114,6927.235,5596.427,5498.725,3345.466,"True",6,0
"124","True","All Runs","TMT6Plex","ch_19Jan2017_SM-1-1_Sp-6-2_CID-OT-MS3-Short_HpH_10.raw","FH","Homo sapiens","P07954","Fumarate hydratase, mitochondrial","FUMH_HUMAN","P07954","4.3%",0,TRUE,TRUE,"VAALTGLPFVTAPNK",0,"True",3,"_[TMT_Nter]VAALTGLPFVTAPNK[TMT_Lys]_",31491.46,36216.05,42544.34,33686.19,45714.17,21781.44,"True",6,0.00989817857287737
"125","True","All Runs","TMT6Plex","ch_19Jan2017_SM-1-1_Sp-6-2_CID-OT-MS3-Short_HpH_10.raw","FH","Homo sapiens","P07954","Fumarate hydratase, mitochondrial","FUMH_HUMAN","P07954","4.3%",0,TRUE,TRUE,"EFAQIIK",0,"True",2,"_[TMT_Nter]EFAQIIK[TMT_Lys]_",5910.152,2649.659,5785.891,5427.183,6787.515,6968.26,"True",6,0.000214601485042277
"126","True","All Runs","TMT6Plex","ch_19Jan2017_SM-1-1_Sp-6-2_CID-OT-MS3-Short_HpH_10.raw","TPM3","Homo sapiens","P06753","Tropomyosin alpha-3 chain","TPM3_HUMAN","P06753","10.9%",0,FALSE,FALSE,"NVTNNLK",0.000198649185538339,"True",2,"_[TMT_Nter]NVTNNLK[TMT_Lys]_",101290.2,122896.8,166973.2,87688.85,134954.1,40633.94,"True",6,0.000214601485042277
"127","True","All Runs","TMT6Plex","ch_19Jan2017_SM-1-1_Sp-6-2_CID-OT-MS3-Short_HpH_10.raw","TPM3","Homo sapiens","P06753","Tropomyosin alpha-3 chain","TPM3_HUMAN","P06753","10.9%",0,FALSE,FALSE,"HIAEEADR",0.000198649185538339,"True",3,"_[TMT_Nter]HIAEEADR_",27149.64,51223.68,51517.55,66403.05,51196.97,20305.76,"True",6,0.000214601485042277
"128","True","All Runs","TMT6Plex","ch_19Jan2017_SM-1-1_Sp-6-2_CID-OT-MS3-Short_HpH_10.raw","TPM3","Homo sapiens","P06753","Tropomyosin alpha-3 chain","TPM3_HUMAN","P06753","10.9%",0,FALSE,FALSE,"HIAEEADR",0.000198649185538339,"True",2,"_[TMT_Nter]HIAEEADR_",1251.489,2215.406,2061,2038.665,1681.803,824.4722,"True",6,0.000990752972258917
"129","True","All Runs","TMT6Plex","ch_19Jan2017_SM-1-1_Sp-6-2_CID-OT-MS3-Short_HpH_10.raw","TPM3","Homo sapiens","P06753","Tropomyosin alpha-3 chain","TPM3_HUMAN","P06753","10.9%",0,FALSE,FALSE,"HIAEEADR",0.000198649185538339,"True",2,"_[TMT_Nter]HIAEEADR_",1258.742,1027.258,2514.785,2281.198,5109.24,1314.891,"True",6,0.00595251315994047
"130","True","All Runs","TMT6Plex","ch_19Jan2017_SM-1-1_Sp-6-2_CID-OT-MS3-Short_HpH_10.raw","TPM3","Homo sapiens","P06753","Tropomyosin alpha-3 chain","TPM3_HUMAN","P06753","10.9%",0,FALSE,FALSE,"SLEAQAEK",0,"True",2,"_[TMT_Nter]SLEAQAEK[TMT_Lys]_",15929.72,18804.37,10734.32,22749.28,22269.65,10535.08,"True",6,5.61324726354196e-05
"131","True","All Runs","TMT6Plex","ch_19Jan2017_SM-1-1_Sp-6-2_CID-OT-MS3-Short_HpH_10.raw","TPM3","Homo sapiens","P06753","Tropomyosin alpha-3 chain","TPM3_HUMAN","P06753","10.9%",0,FALSE,FALSE,"GTEDELDK",0.000198649185538339,"True",2,"_[TMT_Nter]GTEDELDK[TMT_Lys]_",24026.02,29167.75,26334.74,22979.91,33617.8,11882.5,"True",6,0.000214601485042277
"132","True","All Runs","TMT6Plex","ch_19Jan2017_SM-1-1_Sp-6-2_CID-OT-MS3-Short_HpH_10.raw","TPM3","Homo sapiens","P06753","Tropomyosin alpha-3 chain","TPM3_HUMAN","P06753","10.9%",0,FALSE,FALSE,"GTEDELDK",0.000198649185538339,"True",2,"_[TMT_Nter]GTEDELDK[TMT_Lys]_",22598.41,35149.44,26138.36,28921.62,39172.18,13389.61,"True",6,0.000244269836746326
"133","True","All Runs","TMT6Plex","ch_19Jan2017_SM-1-1_Sp-6-2_CID-OT-MS3-Short_HpH_10.raw","NAP1L4","Homo sapiens","Q99733","Nucleosome assembly protein 1-like 4","NP1L4_HUMAN","Q99733","1.9%",0,TRUE,TRUE,"NASNTEK",0.000629362627302895,"True",2,"_[TMT_Nter]NASNTEK[TMT_Lys]_",2593.244,2381.229,3725.511,4218.953,4212.076,1033.304,"True",6,0.000790343440149447
"134","True","All Runs","TMT6Plex","ch_19Jan2017_SM-1-1_Sp-6-2_CID-OT-MS3-Short_HpH_10.raw","TAGLN","Homo sapiens","Q01995","Transgelin","TAGL_HUMAN","Q01995","11.4%",0,TRUE,TRUE,"VPENPPSMVFK",0.00627835385612443,"True",2,"_[TMT_Nter]VPENPPSMVFK[TMT_Lys]_",8286.468,4173.143,6186.308,7190.691,6476.486,4058.543,"True",6,0.00439225114429701
"135","True","All Runs","TMT6Plex","ch_19Jan2017_SM-1-1_Sp-6-2_CID-OT-MS3-Short_HpH_10.raw","TAGLN","Homo sapiens","Q01995","Transgelin","TAGL_HUMAN","Q01995","11.4%",0,TRUE,TRUE,"REFTESQLQEGK",0,"True",2,"_[TMT_Nter]REFTESQLQEGK[TMT_Lys]_",1029.659,988.2866,1108.182,1152.637,1205.018,257.5727,"True",6,0
"136","True","All Runs","TMT6Plex","ch_19Jan2017_SM-1-1_Sp-6-2_CID-OT-MS3-Short_HpH_11.raw","TPM3","Homo sapiens","P06753","Tropomyosin alpha-3 chain","TPM3_HUMAN","P06753","4.9%",0,FALSE,FALSE,"AADESER",0.0014424990051731,"True",2,"_[TMT_Nter]AADESER_",223.5099,166.8005,204.898,246.8077,322.5138,105.498,"True",6,0.00472548795799566
"137","True","All Runs","TMT6Plex","ch_19Jan2017_SM-1-1_Sp-6-2_CID-OT-MS3-Short_HpH_11.raw","TPM3","Homo sapiens","P06753","Tropomyosin alpha-3 chain","TPM3_HUMAN","P06753","4.9%",0,FALSE,FALSE,"NVTNNLK",0.000198649185538339,"True",2,"_[TMT_Nter]NVTNNLK[TMT_Lys]_",6494.523,7095.127,7793.274,7606.251,8354.581,2834.62,"True",6,0.00163557231170127
"138","True","All Runs","TMT6Plex","ch_19Jan2017_SM-1-1_Sp-6-2_CID-OT-MS3-Short_HpH_11.raw","SNX2","Homo sapiens","O60749","Sorting nexin-2","SNX2_HUMAN","O60749","7.9%",0,TRUE,TRUE,"SAAMLGNSEDHTALSR",0,"True",3,"_[TMT_Nter]SAAMLGNSEDHTALSR_",11761.03,25151.09,20742.47,16415.5,18175.2,16344.51,"True",6,0
"139","True","All Runs","TMT6Plex","ch_19Jan2017_SM-1-1_Sp-6-2_CID-OT-MS3-Short_HpH_11.raw","SNX2","Homo sapiens","O60749","Sorting nexin-2","SNX2_HUMAN","O60749","7.9%",0,TRUE,TRUE,"AVNTQALSGAGILR",0,"True",2,"_[TMT_Nter]AVNTQALSGAGILR_",1769.937,1570.736,1119.908,1074.639,926.6856,789.4391,"True",6,5.61324726354196e-05
"140","True","All Runs","TMT6Plex","ch_19Jan2017_SM-1-1_Sp-6-2_CID-OT-MS3-Short_HpH_11.raw","SNX2","Homo sapiens","O60749","Sorting nexin-2","SNX2_HUMAN","O60749","7.9%",0,TRUE,TRUE,"EDSSSTEFVEK",0,"True",2,"_[TMT_Nter]EDSSSTEFVEK[TMT_Lys]_",5224.664,9376.616,7759.732,6453.213,7357.021,1650.476,"True",6,0
"141","True","All Runs","TMT6Plex","ch_19Jan2017_SM-1-1_Sp-6-2_CID-OT-MS3-Short_HpH_11.raw","FH","Homo sapiens","P07954","Fumarate hydratase, mitochondrial","FUMH_HUMAN","P07954","4.3%",0,TRUE,TRUE,"VAALTGLPFVTAPNK",0,"True",3,"_[TMT_Nter]VAALTGLPFVTAPNK[TMT_Lys]_",132712.2,186222.4,126070.8,181432.9,159073.8,91307.91,"True",6,0.00093315822216078
"142","True","All Runs","TMT6Plex","ch_19Jan2017_SM-1-1_Sp-6-2_CID-OT-MS3-Short_HpH_11.raw","FH","Homo sapiens","P07954","Fumarate hydratase, mitochondrial","FUMH_HUMAN","P07954","4.3%",0,TRUE,TRUE,"VAALTGLPFVTAPNK",0,"True",3,"_[TMT_Nter]VAALTGLPFVTAPNK[TMT_Lys]_",173423,211127.7,182669.7,196704.7,194935.5,116396.3,"True",6,0.00093315822216078
"143","True","All Runs","TMT6Plex","ch_19Jan2017_SM-1-1_Sp-6-2_CID-OT-MS3-Short_HpH_11.raw","FH","Homo sapiens","P07954","Fumarate hydratase, mitochondrial","FUMH_HUMAN","P07954","4.3%",0,TRUE,TRUE,"VAALTGLPFVTAPNK",0,"True",2,"_[TMT_Nter]VAALTGLPFVTAPNK[TMT_Lys]_",65898.3,65853.66,73123.4,81291.89,70757.69,65064.85,"True",6,0
"144","True","All Runs","TMT6Plex","ch_19Jan2017_SM-1-1_Sp-6-2_CID-OT-MS3-Short_HpH_11.raw","FH","Homo sapiens","P07954","Fumarate hydratase, mitochondrial","FUMH_HUMAN","P07954","4.3%",0,TRUE,TRUE,"VAALTGLPFVTAPNK",0,"True",4,"_[TMT_Nter]VAALTGLPFVTAPNK[TMT_Lys]_",6522.094,6306.341,7397.471,10189.86,5787.628,3652.088,"True",6,0.00209637971349477
"145","True","All Runs","TMT6Plex","ch_19Jan2017_SM-1-1_Sp-6-2_CID-OT-MS3-Short_HpH_11.raw","FH","Homo sapiens","P07954","Fumarate hydratase, mitochondrial","FUMH_HUMAN","P07954","4.3%",0,TRUE,TRUE,"EFAQIIK",0,"True",2,"_[TMT_Nter]EFAQIIK[TMT_Lys]_",32884.31,43853.99,25805.73,33291.94,57092.24,25687.77,"True",6,5.61324726354196e-05
"146","True","All Runs","TMT6Plex","ch_19Jan2017_SM-1-1_Sp-6-2_CID-OT-MS3-Short_HpH_11.raw","CHCHD3","Homo sapiens","Q9NX63","MICOS complex subunit MIC19","MIC19_HUMAN","Q9NX63","13.2%",0,TRUE,TRUE,"KESEDQK",0,"True",3,"_[TMT_Nter]K[TMT_Lys]ESEDQK[TMT_Lys]_",52236.01,62103.88,61817.23,90644,76998.07,28003.99,"True",6,0.00163557231170127
"147","True","All Runs","TMT6Plex","ch_19Jan2017_SM-1-1_Sp-6-2_CID-OT-MS3-Short_HpH_11.raw","CHCHD3","Homo sapiens","Q9NX63","MICOS complex subunit MIC19","MIC19_HUMAN","Q9NX63","13.2%",0,TRUE,TRUE,"KESEDQK",0,"True",2,"_[TMT_Nter]K[TMT_Lys]ESEDQK[TMT_Lys]_",4424.46,5443.432,5360.911,7834.656,5777.86,1623.15,"True",6,5.61324726354196e-05
"148","True","All Runs","TMT6Plex","ch_19Jan2017_SM-1-1_Sp-6-2_CID-OT-MS3-Short_HpH_11.raw","CHCHD3","Homo sapiens","Q9NX63","MICOS complex subunit MIC19","MIC19_HUMAN","Q9NX63","13.2%",0,TRUE,TRUE,"ENTHQTLK",0.000198649185538339,"True",2,"_[TMT_Nter]ENTHQTLK[TMT_Lys]_",1172.02,2140.342,1227.28,1626.656,350.2706,850.14,"True",6,0.000214601485042277
"149","True","All Runs","TMT6Plex","ch_19Jan2017_SM-1-1_Sp-6-2_CID-OT-MS3-Short_HpH_11.raw","CHCHD3","Homo sapiens","Q9NX63","MICOS complex subunit MIC19","MIC19_HUMAN","Q9NX63","13.2%",0,TRUE,TRUE,"ENTHQTLK",0.000198649185538339,"True",3,"_[TMT_Nter]ENTHQTLK[TMT_Lys]_",29691.88,46617.34,41129.3,40374.17,24817.05,33954.68,"True",6,0.00870220065266505
"150","True","All Runs","TMT6Plex","ch_19Jan2017_SM-1-1_Sp-6-2_CID-OT-MS3-Short_HpH_11.raw","CHCHD3","Homo sapiens","Q9NX63","MICOS complex subunit MIC19","MIC19_HUMAN","Q9NX63","13.2%",0,TRUE,TRUE,"VTFEADENENITVVK",0,"True",2,"_[TMT_Nter]VTFEADENENITVVK[TMT_Lys]_",3181.888,1731.122,2391.38,1412.424,2101.038,1402.46,"True",6,0
"151","True","All Runs","TMT6Plex","ch_19Jan2017_SM-1-1_Sp-6-2_CID-OT-MS3-Short_HpH_11.raw","EGLN1","Homo sapiens","Q9GZT9","Egl nine homolog 1","EGLN1_HUMAN","Q9GZT9","4%",0,TRUE,TRUE,"SSLFQEK",0.00404926607052472,"True",2,"_[TMT_Nter]SSLFQEK[TMT_Lys]_",11790.85,6719.254,7990.017,5473.01,7743.979,3745.839,"True",6,0.00296425881381053
"152","True","All Runs","TMT6Plex","ch_19Jan2017_SM-1-1_Sp-6-2_CID-OT-MS3-Short_HpH_11.raw","EGLN1","Homo sapiens","Q9GZT9","Egl nine homolog 1","EGLN1_HUMAN","Q9GZT9","4%",0,FALSE,FALSE,"HVDNPNGDGR",0.000834353098231171,"True",3,"_[TMT_Nter]HVDNPNGDGR_",649.248,859.518,818.8981,1203.463,876.4633,1484.295,"True",6,0.00093315822216078
"153","True","All Runs","TMT6Plex","ch_19Jan2017_SM-1-1_Sp-6-2_CID-OT-MS3-Short_HpH_11.raw","EGLN1","Homo sapiens","Q9GZT9","Egl nine homolog 1","EGLN1_HUMAN","Q9GZT9","4%",0,FALSE,FALSE,"HVDNPNGDGR",0.000834353098231171,"True",2,"_[TMT_Nter]HVDNPNGDGR_",74.76272,86.52753,105.4741,90.05452,70.25869,74.61617,"True",6,0.00468293128654971
"154","True","All Runs","TMT6Plex","ch_19Jan2017_SM-1-1_Sp-6-2_CID-OT-MS3-Short_HpH_11.raw","POP1","Homo sapiens","Q99575","Ribonucleases P/MRP protein subunit POP1","POP1_HUMAN","Q99575","3.1%",0,TRUE,TRUE,"NQPTNVTLSSGFVADR",0,"True",3,"_[TMT_Nter]NQPTNVTLSSGFVADR_",16446.24,11426.12,26352.61,21465.38,10760.45,6156.03,"True",6,0.00744858970506161
"155","True","All Runs","TMT6Plex","ch_19Jan2017_SM-1-1_Sp-6-2_CID-OT-MS3-Short_HpH_11.raw","POP1","Homo sapiens","Q99575","Ribonucleases P/MRP protein subunit POP1","POP1_HUMAN","Q99575","3.1%",0,TRUE,TRUE,"THQPSDEVGTSIEHPR",0.000629362627302895,"True",4,"_[TMT_Nter]THQPSDEVGTSIEHPR_",10909.2,13638.79,11856.82,16931.38,14139.74,10544.15,"True",6,0.000765389802092066
"156","True","All Runs","TMT6Plex","ch_19Jan2017_SM-1-1_Sp-6-2_CID-OT-MS3-Short_HpH_11.raw","TAGLN","Homo sapiens","Q01995","Transgelin","TAGL_HUMAN","Q01995","6%",0,TRUE,TRUE,"TLMALGSLAVTK",0,"True",2,"_[TMT_Nter]TLMALGSLAVTK[TMT_Lys]_",29588.52,30148.32,32700.31,33287.24,36837.24,15454.66,"True",6,0
"157","True","All Runs","TMT6Plex","ch_19Jan2017_SM-1-1_Sp-6-2_CID-OT-MS3-Short_HpH_12.raw","FH","Homo sapiens","P07954","Fumarate hydratase, mitochondrial","FUMH_HUMAN","P07954","5.3%",0,TRUE,TRUE,"AADEVAEGK",0,"True",2,"_[TMT_Nter]AADEVAEGK[TMT_Lys]_",7106.161,9805.143,8241.23,8098.301,7452.001,3783.465,"True",6,5.61324726354196e-05
"158","True","All Runs","TMT6Plex","ch_19Jan2017_SM-1-1_Sp-6-2_CID-OT-MS3-Short_HpH_12.raw","FH","Homo sapiens","P07954","Fumarate hydratase, mitochondrial","FUMH_HUMAN","P07954","5.3%",0,TRUE,TRUE,"IYELAAGGTAVGTGLNTR",0,"True",3,"_[TMT_Nter]IYELAAGGTAVGTGLNTR_",58490.29,76367.98,61774.38,68796.7,74821.93,32522.44,"True",6,0.00016651865008881
"159","True","All Runs","TMT6Plex","ch_19Jan2017_SM-1-1_Sp-6-2_CID-OT-MS3-Short_HpH_12.raw","FH","Homo sapiens","P07954","Fumarate hydratase, mitochondrial","FUMH_HUMAN","P07954","5.3%",0,TRUE,TRUE,"IYELAAGGTAVGTGLNTR",0,"True",2,"_[TMT_Nter]IYELAAGGTAVGTGLNTR_",14680.31,18501.64,20311.89,26187.77,19873.15,7227.045,"True",6,0
"160","True","All Runs","TMT6Plex","ch_19Jan2017_SM-1-1_Sp-6-2_CID-OT-MS3-Short_HpH_12.raw","CHCHD3","Homo sapiens","Q9NX63","MICOS complex subunit MIC19","MIC19_HUMAN","Q9NX63","17.2%",0,TRUE,TRUE,"KESEDQK",0,"True",3,"_[TMT_Nter]K[TMT_Lys]ESEDQK[TMT_Lys]_",15518.2,22006.95,21407.41,17877.85,14995.47,6571.507,"True",6,0.00334022204065939
"161","True","All Runs","TMT6Plex","ch_19Jan2017_SM-1-1_Sp-6-2_CID-OT-MS3-Short_HpH_12.raw","CHCHD3","Homo sapiens","Q9NX63","MICOS complex subunit MIC19","MIC19_HUMAN","Q9NX63","17.2%",0,TRUE,TRUE,"AAEEVEAK",0,"True",2,"_[TMT_Nter]AAEEVEAK[TMT_Lys]_",5297.645,12972.46,10852.63,11162.75,11548.92,6592.31,"True",6,5.61324726354196e-05
"162","True","All Runs","TMT6Plex","ch_19Jan2017_SM-1-1_Sp-6-2_CID-OT-MS3-Short_HpH_12.raw","CHCHD3","Homo sapiens","Q9NX63","MICOS complex subunit MIC19","MIC19_HUMAN","Q9NX63","17.2%",0,TRUE,TRUE,"ENTHQTLK",0.000198649185538339,"True",2,"_[TMT_Nter]ENTHQTLK[TMT_Lys]_",843.9086,890.6199,305.1588,NA,280.6472,192.9307,"True",5,0.0010145971067618
"163","True","All Runs","TMT6Plex","ch_19Jan2017_SM-1-1_Sp-6-2_CID-OT-MS3-Short_HpH_12.raw","CHCHD3","Homo sapiens","Q9NX63","MICOS complex subunit MIC19","MIC19_HUMAN","Q9NX63","17.2%",0,TRUE,TRUE,"YSGAYGASVSDEELKR",0.000629362627302895,"True",3,"_[TMT_Nter]YSGAYGASVSDEELK[TMT_Lys]R_",11351.98,9226.224,9126.417,11388.74,12813.81,5619.476,"True",6,0.000765389802092066
"164","True","All Runs","TMT6Plex","ch_19Jan2017_SM-1-1_Sp-6-2_CID-OT-MS3-Short_HpH_12.raw","SNX2","Homo sapiens","O60749","Sorting nexin-2","SNX2_HUMAN","O60749","5.8%",0,TRUE,TRUE,"AVNTQALSGAGILR",0,"True",2,"_[TMT_Nter]AVNTQALSGAGILR_",3453.992,5097.102,2000.997,3695.574,6461.464,4814.508,"True",6,0
"165","True","All Runs","TMT6Plex","ch_19Jan2017_SM-1-1_Sp-6-2_CID-OT-MS3-Short_HpH_12.raw","SNX2","Homo sapiens","O60749","Sorting nexin-2","SNX2_HUMAN","O60749","5.8%",0,TRUE,TRUE,"SAAMLGNSEDHTALSR",0,"True",3,"_[TMT_Nter]SAAMLGNSEDHTALSR_",19327.55,27022.92,35086.09,18092.63,19772.87,10947.79,"True",6,0.00523083920855128
"166","True","All Runs","TMT6Plex","ch_19Jan2017_SM-1-1_Sp-6-2_CID-OT-MS3-Short_HpH_12.raw","TAGLN","Homo sapiens","Q01995","Transgelin","TAGL_HUMAN","Q01995","14.9%",0,TRUE,TRUE,"GDPNWFMK",0,"True",2,"_[TMT_Nter]GDPNWFMK[TMT_Lys]_",22279.65,29868.79,25029.8,24221.63,21617.88,13153.9,"True",6,0.000964673009114497
"167","True","All Runs","TMT6Plex","ch_19Jan2017_SM-1-1_Sp-6-2_CID-OT-MS3-Short_HpH_12.raw","TAGLN","Homo sapiens","Q01995","Transgelin","TAGL_HUMAN","Q01995","14.9%",0,TRUE,TRUE,"QMEQVAQFLK",0,"True",2,"_[TMT_Nter]QMEQVAQFLK[TMT_Lys]_",13373.87,15745.18,13621.78,19200.43,22600.41,22345.07,"True",6,0
"168","True","All Runs","TMT6Plex","ch_19Jan2017_SM-1-1_Sp-6-2_CID-OT-MS3-Short_HpH_12.raw","TAGLN","Homo sapiens","Q01995","Transgelin","TAGL_HUMAN","Q01995","14.9%",0,TRUE,TRUE,"GASQAGMTGYGR",0.000198649185538339,"True",2,"_[TMT_Nter]GASQAGMTGYGR_",590.1838,2210.805,888.1156,1397.338,1565.336,990.428,"True",6,0.000201338903709669
"169","True","All Runs","TMT6Plex","ch_19Jan2017_SM-1-1_Sp-6-2_CID-OT-MS3-Short_HpH_12.raw","SEPT11","Homo sapiens","Q9NVA2","Septin-11","SEP11_HUMAN","Q9NVA2","2.8%",0,TRUE,TRUE,"KELEEEVNNFQK",0.000198649185538339,"True",3,"_[TMT_Nter]K[TMT_Lys]ELEEEVNNFQK[TMT_Lys]_",8294.106,13039.78,11737.93,12108.84,11893.97,1780.013,"True",6,0.00246983457253853
"170","True","All Runs","TMT6Plex","ch_19Jan2017_SM-1-1_Sp-6-2_CID-OT-MS3-Short_HpH_12.raw","NAP1L4","Homo sapiens","Q99733","Nucleosome assembly protein 1-like 4","NP1L4_HUMAN","Q99733","2.1%",0,TRUE,TRUE,"VLAALQER",0.00245951088217551,"True",2,"_[TMT_Nter]VLAALQER_",19092.36,41649.74,29389.67,36257.39,35970.03,37712.85,"True",6,0.00901350985657487
